{
    "0": {
        "0": {
            "0": {
                "X": 242.5,
                "Y": 4.8,
                "Z": 115,
                "E": null,
                "offsetX": -0.4057407407407407,
                "offsetY": -0.4057407407407407
            },
            "1": {
                "X": 242.5,
                "Y": 4.8,
                "Z": null,
                "E": null,
                "offsetX": 0,
                "offsetY": 0
            }
        },
        "90": {
            "0": {
                "X": 236,
                "Y": 4.8,
                "Z": 115,
                "E": null,
                "offsetX": 0,
                "offsetY": 0
            },
            "1": {
                "X": 264.6,
                "Y": 4.8,
                "Z": 115,
                "E": null,
                "offsetX": 0,
                "offsetY": 0
            }
        },
        "180": {
            "0": {
                "X": 264.5,
                "Y": 4.8,
                "Z": 115,
                "E": null,
                "offsetX": -0.45442962962962963,
                "offsetY": -0.45442962962962963
            },
            "1": {
                "X": 263,
                "Y": 4.8,
                "Z": 115,
                "E": null,
                "offsetX": 0,
                "offsetY": 0
            }
        },
        "270": {
            "0": {
                "X": 236,
                "Y": 4.8,
                "Z": 115,
                "E": null,
                "offsetX": -0.19985629629629628,
                "offsetY": -0.19985629629629628
            },
            "1": {
                "X": 264.6,
                "Y": 4.8,
                "Z": 115,
                "E": null,
                "offsetX": -0.3153185185185185,
                "offsetY": -0.3153185185185185
            }
        }
    },
    "1": {
        "0": {
            "0": {
                "X": 252,
                "Y": 4,
                "Z": 150,
                "E": null,
                "offsetX": 0,
                "offsetY": 0
            },
            "1": {
                "X": 249,
                "Y": 6,
                "Z": 150,
                "E": null,
                "offsetX": 0,
                "offsetY": 0
            }
        },
        "90": {
            "0": {
                "X": 243,
                "Y": 4,
                "Z": 150,
                "E": null,
                "offsetX": -0.172,
                "offsetY": 0.7592
            },
            "1": {
                "X": 271,
                "Y": 4,
                "Z": 150,
                "E": null,
                "offsetX": -0.6938,
                "offsetY": 0.6301
            }
        },
        "180": {
            "0": {
                "X": 259,
                "Y": 4,
                "Z": 150,
                "E": null,
                "offsetX": 0,
                "offsetY": 0
            },
            "1": {
                "X": 254,
                "Y": 7,
                "Z": 150,
                "E": null,
                "offsetX": 0,
                "offsetY": 0
            }
        },
        "270": {
            "0": {
                "X": 243,
                "Y": 5,
                "Z": 150,
                "E": null,
                "offsetX": -0.7753,
                "offsetY": 0.5098
            },
            "1": {
                "X": 269,
                "Y": 5,
                "Z": 150,
                "E": null,
                "offsetX": -0.5588,
                "offsetY": 0.291
            }
        }
    },
    "0.2": {
        "0": {
            "0": {
                "X": 263,
                "Y": 0,
                "Z": 150,
                "E": null
            },
            "1": {
                "X": 269,
                "Y": 0,
                "Z": 150,
                "E": null
            }
        },
        "90": {
            "0": {
                "X": 264,
                "Y": 0,
                "Z": null,
                "E": null
            },
            "1": {
                "X": 236,
                "Y": 0,
                "Z": null,
                "E": null
            }
        },
        "180": {
            "0": {
                "X": 241,
                "Y": 0,
                "Z": null,
                "E": null
            },
            "1": {
                "X": 241,
                "Y": 0,
                "Z": null,
                "E": null
            }
        },
        "270": {
            "0": {
                "X": 260,
                "Y": 0,
                "Z": null,
                "E": null
            },
            "1": {
                "X": 241,
                "Y": 0,
                "Z": null,
                "E": null
            }
        }
    }
}