{
    "0": {
        "0": {
            "0": {
                "X": 242.5,
                "Y": 4.8,
                "Z": 115,
                "E": null,
                "offsetX": -0.32737481481481484,
                "offsetY": -0.32737481481481484
            },
            "1": {
                "X": 242.5,
                "Y": 4.8,
                "Z": null,
                "E": null,
                "offsetX": 0,
                "offsetY": 0
            }
        },
        "90": {
            "0": {
                "X": 236,
                "Y": 4.8,
                "Z": 115,
                "E": null,
                "offsetX": 0,
                "offsetY": 0
            },
            "1": {
                "X": 264.6,
                "Y": 4.8,
                "Z": 115,
                "E": null,
                "offsetX": 0,
                "offsetY": 0
            }
        },
        "180": {
            "0": {
                "X": 264.5,
                "Y": 4.8,
                "Z": 115,
                "E": null,
                "offsetX": -0.3602977777777777,
                "offsetY": -0.3602977777777777
            },
            "1": {
                "X": 263,
                "Y": 4.8,
                "Z": 115,
                "E": null,
                "offsetX": 0,
                "offsetY": 0
            }
        },
        "270": {
            "0": {
                "X": 236,
                "Y": 4.8,
                "Z": 115,
                "E": null,
                "offsetX": -0.16878814814814813,
                "offsetY": -0.16878814814814813
            },
            "1": {
                "X": 264.6,
                "Y": 4.8,
                "Z": 115,
                "E": null,
                "offsetX": -0.3032622222222222,
                "offsetY": -0.3032622222222222
            }
        }
    },
    "1": {
        "0": {
            "0": {
                "X": 249,
                "Y": 4.8,
                "Z": 150,
                "E": null,
                "offsetX": 0,
                "offsetY": 0
            },
            "1": {
                "X": 249,
                "Y": 4.8,
                "Z": 150,
                "E": null,
                "offsetX": 0,
                "offsetY": 0
            }
        },
        "90": {
            "0": {
                "X": 239,
                "Y": 4.8,
                "Z": 150,
                "E": null,
                "offsetX": 0.02086666666666667,
                "offsetY": 0.02086666666666667
            },
            "1": {
                "X": 263,
                "Y": 4.8,
                "Z": 150,
                "E": null,
                "offsetX": -0.028749629629629625,
                "offsetY": -0.028749629629629625
            }
        },
        "180": {
            "0": {
                "X": 249,
                "Y": 4.8,
                "Z": 150,
                "E": null,
                "offsetX": 0,
                "offsetY": 0
            },
            "1": {
                "X": 249,
                "Y": 4.8,
                "Z": 150,
                "E": null,
                "offsetX": 0,
                "offsetY": 0
            }
        },
        "270": {
            "0": {
                "X": 239,
                "Y": 4.8,
                "Z": 150,
                "E": null,
                "offsetX": -0.25410962962962963,
                "offsetY": -0.25410962962962963
            },
            "1": {
                "X": 262,
                "Y": 4.8,
                "Z": 150,
                "E": null,
                "offsetX": -0.02133037037037037,
                "offsetY": -0.02133037037037037
            }
        }
    }
}