{
    "0": {
        "0": {
            "0": {
                "X": 242.5,
                "Y": 4.8,
                "Z": 115,
                "E": null,
                "offsetX": -0.35009629629629624,
                "offsetY": -0.35009629629629624
            },
            "1": {
                "X": 242.5,
                "Y": 4.8,
                "Z": null,
                "E": null,
                "offsetX": 0,
                "offsetY": 0
            }
        },
        "90": {
            "0": {
                "X": 236,
                "Y": 4.8,
                "Z": 115,
                "E": null,
                "offsetX": 0,
                "offsetY": 0
            },
            "1": {
                "X": 264.6,
                "Y": 4.8,
                "Z": 115,
                "E": null,
                "offsetX": 0,
                "offsetY": 0
            }
        },
        "180": {
            "0": {
                "X": 264.5,
                "Y": 4.8,
                "Z": 115,
                "E": null,
                "offsetX": -0.4182607407407407,
                "offsetY": -0.4182607407407407
            },
            "1": {
                "X": 263,
                "Y": 4.8,
                "Z": 115,
                "E": null,
                "offsetX": 0,
                "offsetY": 0
            }
        },
        "270": {
            "0": {
                "X": 236,
                "Y": 4.8,
                "Z": 115,
                "E": null,
                "offsetX": -0.21052148148148148,
                "offsetY": -0.21052148148148148
            },
            "1": {
                "X": 264.6,
                "Y": 4.8,
                "Z": 115,
                "E": null,
                "offsetX": -0.3612251851851852,
                "offsetY": -0.3612251851851852
            }
        }
    },
    "1": {
        "0": {
            "0": {
                "X": 249,
                "Y": 4.8,
                "Z": 150,
                "E": null,
                "offsetX": 0,
                "offsetY": 0
            },
            "1": {
                "X": 249,
                "Y": 4.8,
                "Z": 150,
                "E": null,
                "offsetX": 0,
                "offsetY": 0
            }
        },
        "90": {
            "0": {
                "X": 239,
                "Y": 4.8,
                "Z": 150,
                "E": null,
                "offsetX": -0.05796296296296296,
                "offsetY": -0.05796296296296296
            },
            "1": {
                "X": 263,
                "Y": 4.8,
                "Z": 150,
                "E": null,
                "offsetX": 0.021446296296296297,
                "offsetY": 0.021446296296296297
            }
        },
        "180": {
            "0": {
                "X": 249,
                "Y": 4.8,
                "Z": 150,
                "E": null,
                "offsetX": 0,
                "offsetY": 0
            },
            "1": {
                "X": 249,
                "Y": 4.8,
                "Z": 150,
                "E": null,
                "offsetX": 0,
                "offsetY": 0
            }
        },
        "270": {
            "0": {
                "X": 239,
                "Y": 4.8,
                "Z": 150,
                "E": null,
                "offsetX": -0.26755703703703704,
                "offsetY": -0.26755703703703704
            },
            "1": {
                "X": 262,
                "Y": 4.8,
                "Z": 150,
                "E": null,
                "offsetX": -0.01808444444444444,
                "offsetY": -0.01808444444444444
            }
        }
    }
}