{
    "0": {
        "0": {
            "0": {
                "X": 242.5,
                "Y": 4.8,
                "Z": 115,
                "E": null,
                "offsetX": -0.2388074074074074,
                "offsetY": -0.2388074074074074
            },
            "1": {
                "X": 242.5,
                "Y": 4.8,
                "Z": null,
                "E": null,
                "offsetX": 0,
                "offsetY": 0
            }
        },
        "90": {
            "0": {
                "X": 236,
                "Y": 4.8,
                "Z": 115,
                "E": null,
                "offsetX": 0.6695881481481482,
                "offsetY": 0.6695881481481482
            },
            "1": {
                "X": 264.6,
                "Y": 4.8,
                "Z": 115,
                "E": null,
                "offsetX": -0.23324296296296296,
                "offsetY": -0.23324296296296296
            }
        },
        "180": {
            "0": {
                "X": 264.5,
                "Y": 4.8,
                "Z": 115,
                "E": null,
                "offsetX": -0.32737481481481484,
                "offsetY": -0.32737481481481484
            },
            "1": {
                "X": 263,
                "Y": 4.8,
                "Z": 115,
                "E": null,
                "offsetX": 0,
                "offsetY": 0
            }
        },
        "270": {
            "0": {
                "X": 236,
                "Y": 4.8,
                "Z": 115,
                "E": null,
                "offsetX": -0.0384874074074074,
                "offsetY": -0.0384874074074074
            },
            "1": {
                "X": 264.6,
                "Y": 4.8,
                "Z": 115,
                "E": null,
                "offsetX": -0.1789896296296296,
                "offsetY": -0.1789896296296296
            }
        }
    },
    "1": {
        "0": {
            "0": {
                "X": 249,
                "Y": 4.8,
                "Z": 150,
                "E": null,
                "offsetX": 0.11476666666666666,
                "offsetY": 0.11476666666666666
            },
            "1": {
                "X": 249,
                "Y": 4.8,
                "Z": 150,
                "E": null,
                "offsetX": 0,
                "offsetY": 0
            }
        },
        "90": {
            "0": {
                "X": 239,
                "Y": 4.8,
                "Z": 150,
                "E": null,
                "offsetX": -0.04405185185185185,
                "offsetY": -0.04405185185185185
            },
            "1": {
                "X": 263,
                "Y": 4.8,
                "Z": 150,
                "E": null,
                "offsetX": 0.09181333333333333,
                "offsetY": 0.09181333333333333
            }
        },
        "180": {
            "0": {
                "X": 249,
                "Y": 4.8,
                "Z": 150,
                "E": null,
                "offsetX": 0.3310844444444444,
                "offsetY": 0.3310844444444444
            },
            "1": {
                "X": 249,
                "Y": 4.8,
                "Z": 150,
                "E": null,
                "offsetX": 0,
                "offsetY": 0
            }
        },
        "270": {
            "0": {
                "X": 239,
                "Y": 4.8,
                "Z": 150,
                "E": null,
                "offsetX": -0.2670933333333333,
                "offsetY": -0.2670933333333333
            },
            "1": {
                "X": 262,
                "Y": 4.8,
                "Z": 150,
                "E": null,
                "offsetX": -0.012983703703703702,
                "offsetY": -0.012983703703703702
            }
        }
    }
}