{
    "0": {
        "0": {
            "0": {
                "X": 242.5,
                "Y": 4.8,
                "Z": 115,
                "E": null,
                "offsetX": -0.4261437037037036,
                "offsetY": -0.4261437037037036
            },
            "1": {
                "X": 242.5,
                "Y": 4.8,
                "Z": null,
                "E": null,
                "offsetX": 0,
                "offsetY": 0
            }
        },
        "90": {
            "0": {
                "X": 236,
                "Y": 4.8,
                "Z": 115,
                "E": null,
                "offsetX": 0,
                "offsetY": 0
            },
            "1": {
                "X": 264.6,
                "Y": 4.8,
                "Z": 115,
                "E": null,
                "offsetX": 0,
                "offsetY": 0
            }
        },
        "180": {
            "0": {
                "X": 264.5,
                "Y": 4.8,
                "Z": 115,
                "E": null,
                "offsetX": -0.49848148148148147,
                "offsetY": -0.49848148148148147
            },
            "1": {
                "X": 263,
                "Y": 4.8,
                "Z": 115,
                "E": null,
                "offsetX": 0,
                "offsetY": 0
            }
        },
        "270": {
            "0": {
                "X": 236,
                "Y": 4.8,
                "Z": 115,
                "E": null,
                "offsetX": -0.22396888888888888,
                "offsetY": -0.22396888888888888
            },
            "1": {
                "X": 264.6,
                "Y": 4.8,
                "Z": 115,
                "E": null,
                "offsetX": -0.35844296296296296,
                "offsetY": -0.35844296296296296
            }
        }
    },
    "1": {
        "0": {
            "0": {
                "X": 249,
                "Y": 4.8,
                "Z": 150,
                "E": null,
                "offsetX": 0,
                "offsetY": 0
            },
            "1": {
                "X": 249,
                "Y": 4.8,
                "Z": 150,
                "E": null,
                "offsetX": 0,
                "offsetY": 0
            }
        },
        "90": {
            "0": {
                "X": 239,
                "Y": 4.8,
                "Z": 150,
                "E": null,
                "offsetX": -0.009274074074074073,
                "offsetY": -0.009274074074074073
            },
            "1": {
                "X": 263,
                "Y": 4.8,
                "Z": 150,
                "E": null,
                "offsetX": 0.02457629629629629,
                "offsetY": 0.02457629629629629
            }
        },
        "180": {
            "0": {
                "X": 249,
                "Y": 4.8,
                "Z": 150,
                "E": null,
                "offsetX": 0,
                "offsetY": 0
            },
            "1": {
                "X": 249,
                "Y": 4.8,
                "Z": 150,
                "E": null,
                "offsetX": 0,
                "offsetY": 0
            }
        },
        "270": {
            "0": {
                "X": 239,
                "Y": 4.8,
                "Z": 150,
                "E": null,
                "offsetX": -0.2624562962962963,
                "offsetY": -0.2624562962962963
            },
            "1": {
                "X": 262,
                "Y": 4.8,
                "Z": 150,
                "E": null,
                "offsetX": -0.027358518518518515,
                "offsetY": -0.027358518518518515
            }
        }
    }
}