{
    "production": {
        "total": {
            "total": 168,
            "rigth": 49,
            "wrong": 119,
            "timePerCicleMax": 121.08227848299975,
            "timePerCicleMin": 106.08137047999998
        },
        "dailyAvarege": {
            "total": 31.2,
            "rigth": 8.2,
            "wrong": 23.0,
            "times": 45.97089927124446,
            "week_total": [
                0,
                0,
                1,
                40,
                115
            ],
            "week_rigth": [
                0,
                0,
                0,
                2,
                39
            ],
            "week_wrong": [
                0,
                0,
                1,
                38,
                76
            ],
            "week_times": [
                0.4792402725995938,
                0.7485459196480114,
                0,
                115.87580769000033,
                112.75090247397438
            ]
        },
        "yesterday": {
            "day": 10,
            "total": 115,
            "rigth": 39,
            "wrong": 76,
            "timePerCicle": 112.75090247397438,
            "timesPerCicles": [
                118.12990739199995,
                119.48827228000027,
                116.50036507899995,
                116.01943437499995,
                113.99097282000002,
                116.44449680099979,
                119.39597131800019,
                116.664611745,
                116.2564741719998,
                116.93511491200024,
                121.08227848299975,
                109.29979428600018,
                113.99284800600002,
                112.28731608199999,
                113.10247471100001,
                108.49861987899999,
                107.77431201700028,
                110.70317452399922,
                110.62799395399998,
                108.8645946280003,
                109.24855073800063,
                109.2763854269997,
                108.42045436900025,
                107.19125758300015,
                113.01702873500017,
                109.296073861,
                111.854507832,
                106.08137047999998,
                109.99792476300001,
                114.81679148299997,
                109.7272358759999,
                111.860803057,
                118.78127729200014,
                110.904732878,
                110.69582942600005,
                115.8981529749999,
                110.92768689800005,
                111.14398367500007,
                112.08612167299998
            ]
        },
        "today": {
            "day": 11,
            "total": 12,
            "rigth": 8,
            "wrong": 4,
            "timePerCicle": 113.55628184000005,
            "timesPerCicles": [
                114.11092179600018,
                114.6095098009996,
                113.33949143500013,
                117.4335756180003,
                113.64246796899988,
                110.84439788000009,
                112.30515288100014,
                112.1647373400001
            ]
        }
    }
}