{
    "production": {
        "total": {
            "total": 470,
            "rigth": 94,
            "wrong": 376,
            "timePerCicleMax": 128.3763087540001,
            "timePerCicleMin": 106.08137047999998
        },
        "dailyAvarege": {
            "total": 55.4,
            "rigth": 14.0,
            "wrong": 41.4,
            "times": 68.44013530024868,
            "week_total": [
                0,
                1,
                40,
                115,
                121
            ],
            "week_rigth": [
                0,
                0,
                2,
                39,
                29
            ],
            "week_wrong": [
                0,
                1,
                38,
                76,
                92
            ],
            "week_times": [
                0.7485459196480114,
                0,
                115.87580769000033,
                112.75090247397438,
                112.82542041762072
            ]
        },
        "yesterday": {
            "day": 11,
            "total": 121,
            "rigth": 29,
            "wrong": 92,
            "timePerCicle": 112.82542041762072,
            "timesPerCicles": [
                114.11092179600018,
                114.6095098009996,
                113.33949143500013,
                117.4335756180003,
                113.64246796899988,
                110.84439788000009,
                112.30515288100014,
                112.1647373400001,
                114.32042782000008,
                117.52060317099995,
                110.65132372999994,
                108.874909306,
                118.03036368900001,
                114.44096033900001,
                112.774077933,
                110.083416231,
                112.07026224799995,
                114.48678765399995,
                116.11913974599997,
                112.125826674,
                113.34222765500004,
                112.37246624800002,
                111.27652802699993,
                108.56178824999995,
                113.97440291399994,
                109.41281774999993,
                109.82758286100011,
                114.81164695000007,
                108.40937819500004
            ]
        },
        "today": {
            "day": 12,
            "total": 193,
            "rigth": 24,
            "wrong": 169,
            "timePerCicle": 116.2346437463334,
            "timesPerCicles": [
                120.99904100200013,
                124.47041522199993,
                123.73952133400007,
                115.46859546799999,
                118.59531965099995,
                112.24458076699989,
                117.97986013300033,
                112.2595125630005,
                117.42680222600029,
                115.22942735699962,
                118.60365431799983,
                123.31280400100002,
                126.50905022099994,
                123.43347235200008,
                119.55548811400013,
                108.89276636100021,
                128.3763087540001,
                108.82532322999941,
                109.10771275100069,
                107.30426779399932,
                112.27778613800001,
                107.87419506600054,
                109.86889947499913,
                107.27664561400161
            ]
        }
    }
}