{
    "production": {
        "total": {
            "total": 0,
            "rigth": 0,
            "wrong": 0,
            "timePerCicleMax": -2,
            "timePerCicleMin": 999
        },
        "dailyAvarege": {
            "total": 0,
            "rigth": 0,
            "wrong": 0,
            "times": 0.0,
            "week_total": [
                0,
                0,
                0,
                0,
                0
            ],
            "week_rigth": [
                0,
                0,
                0,
                0,
                0
            ],
            "week_wrong": [
                0,
                0,
                0,
                0,
                0
            ],
            "week_times": [
                0.6760492943585776,
                0.5640379333091062,
                0.23941563086011008,
                0.4792402725995938,
                0.7485459196480114
            ]
        },
        "yesterday": {
            "day": 5,
            "total": 0,
            "rigth": 0,
            "wrong": 0,
            "timePerCicle": 0.7485459196480114,
            "timesPerCicles": [
                0.9333105292384075,
                0.9452648816145868,
                0.6762289459415647,
                0.8765495141429758,
                0.3113757273025223,
                0.7851942266133319,
                0.30525128605951823,
                0.9198387747169201,
                0.5301019643294105,
                0.6703490389170457,
                0.3355001465895321,
                0.23128729709214635,
                0.17163584547695743
            ]
        },
        "today": {
            "day": 6,
            "total": 0,
            "rigth": 0,
            "wrong": 0,
            "timePerCicle": 0,
            "timesPerCicles": []
        }
    }
}