{
    "production": {
        "total": {
            "total": 728,
            "rigth": 107,
            "wrong": 581,
            "timePerCicleMax": 133.35169911900084,
            "timePerCicleMin": 106.08137047999998
        },
        "dailyAvarege": {
            "total": 82.85714285714286,
            "rigth": 15.142857142857142,
            "wrong": 66.14285714285714,
            "times": 83.2273182017967,
            "week_total": [
                0,
                1,
                40,
                115,
                121,
                194,
                109
            ],
            "week_rigth": [
                0,
                0,
                2,
                39,
                29,
                24,
                12
            ],
            "week_wrong": [
                0,
                1,
                38,
                76,
                92,
                170,
                86
            ],
            "week_times": [
                0.7485459196480114,
                0,
                115.87580769000033,
                112.75090247397438,
                112.82542041762072,
                116.2346437463334,
                124.15590716500014
            ]
        },
        "yesterday": {
            "day": 13,
            "total": 109,
            "rigth": 12,
            "wrong": 86,
            "timePerCicle": 124.15590716500014,
            "timesPerCicles": [
                125.15263867800059,
                117.76616801399996,
                127.81091014200001,
                125.50280585000019,
                117.24057200000016,
                120.82519362899984,
                129.08105557100043,
                120.80818606799949,
                125.24088122800003,
                120.73427419699965,
                126.35650148400055,
                133.35169911900084
            ]
        },
        "today": {
            "day": 19,
            "total": 148,
            "rigth": 1,
            "wrong": 118,
            "timePerCicle": 119.12097395,
            "timesPerCicles": [
                119.12097395
            ]
        }
    }
}