{
    "production": {
        "total": {
            "total": 92,
            "rigth": 18,
            "wrong": 74,
            "timePerCicleMax": 121.08227848299975,
            "timePerCicleMin": 108.49861987899999
        },
        "dailyAvarege": {
            "total": 8.2,
            "rigth": 0.4,
            "wrong": 7.8,
            "times": 23.468601902621607,
            "week_total": [
                0,
                0,
                0,
                1,
                40
            ],
            "week_rigth": [
                0,
                0,
                0,
                0,
                2
            ],
            "week_wrong": [
                0,
                0,
                0,
                1,
                38
            ],
            "week_times": [
                0.23941563086011008,
                0.4792402725995938,
                0.7485459196480114,
                0,
                115.87580769000033
            ]
        },
        "yesterday": {
            "day": 9,
            "total": 40,
            "rigth": 2,
            "wrong": 38,
            "timePerCicle": 115.87580769000033,
            "timesPerCicles": [
                115.87580769000033
            ]
        },
        "today": {
            "day": 10,
            "total": 51,
            "rigth": 16,
            "wrong": 35,
            "timePerCicle": 115.5055595213125,
            "timesPerCicles": [
                118.12990739199995,
                119.48827228000027,
                116.50036507899995,
                116.01943437499995,
                113.99097282000002,
                116.44449680099979,
                119.39597131800019,
                116.664611745,
                116.2564741719998,
                116.93511491200024,
                121.08227848299975,
                109.29979428600018,
                113.99284800600002,
                112.28731608199999,
                113.10247471100001,
                108.49861987899999
            ]
        }
    }
}