{
    "production": {
        "total": {
            "total": 961,
            "rigth": 157,
            "wrong": 735,
            "timePerCicleMax": 133.35169911900084,
            "timePerCicleMin": 100.20671883200703
        },
        "dailyAvarege": {
            "total": 104.14285714285714,
            "rigth": 15.285714285714286,
            "wrong": 83.14285714285714,
            "times": 100.13766506327556,
            "week_total": [
                1,
                40,
                115,
                121,
                194,
                109,
                149
            ],
            "week_rigth": [
                0,
                2,
                39,
                29,
                24,
                12,
                1
            ],
            "week_wrong": [
                1,
                38,
                76,
                92,
                170,
                86,
                119
            ],
            "week_times": [
                0,
                115.87580769000033,
                112.75090247397438,
                112.82542041762072,
                116.2346437463334,
                124.15590716500014,
                119.12097395
            ]
        },
        "yesterday": {
            "day": 19,
            "total": 149,
            "rigth": 1,
            "wrong": 119,
            "timePerCicle": 119.12097395,
            "timesPerCicles": [
                119.12097395
            ]
        },
        "today": {
            "day": 20,
            "total": 79,
            "rigth": 42,
            "wrong": 32,
            "timePerCicle": 106.63975186557252,
            "timesPerCicles": [
                100.20671883200703,
                106.40435986699595,
                107.65236167199328,
                103.92115127699799,
                107.06795223400695,
                110.5593219390139,
                106.53559446799045,
                103.7027388580027,
                106.24627337801212,
                107.47032843600027,
                106.67976188600005,
                108.82658364900271,
                101.19564033699862,
                105.49409837399435,
                105.03510051799822,
                110.68385698199563,
                106.44948702900729,
                107.42546275799396,
                106.46162792600808,
                109.8171596989996,
                106.38507829100126,
                108.63174478900328,
                105.98800109700824,
                103.3928081250051,
                109.68244245900132,
                111.0638683319994,
                103.90504039199732,
                108.58856652500981,
                106.44571686499694,
                107.69845273499959,
                105.85964802300441,
                107.13903059299628,
                107.49352028199064,
                107.41883185900224,
                107.13861120000365,
                111.44667749000655,
                101.94521812300081,
                107.09204973900341,
                104.66070635500364,
                106.62910365901189,
                105.49753374699503,
                106.93134755498613
            ]
        }
    }
}