{
    "production": {
        "allParts": {
            "name": "Total",
            "production": {
                "total": {
                    "total": 1964,
                    "rigth": 1110,
                    "wrong": 854,
                    "timePerCicleMax": 77.95,
                    "timePerCicleMin": 42.75
                },
                "dailyAvarege": {
                    "total": 254.29,
                    "rigth": 150.29,
                    "wrong": 104.0,
                    "times": 95.0,
                    "week_total": [
                        85,
                        185,
                        113,
                        470,
                        387,
                        423,
                        117
                    ],
                    "week_rigth": [
                        41,
                        76,
                        16,
                        237,
                        235,
                        272,
                        84
                    ],
                    "week_wrong": [
                        36,
                        83,
                        81,
                        222,
                        134,
                        139,
                        33
                    ],
                    "week_times": [
                        28.45,
                        32.15,
                        31.6,
                        56.9,
                        29.3,
                        59.099999999999994,
                        54.599999999999994
                    ]
                },
                "yesterday": {
                    "day": 13,
                    "total": 338,
                    "rigth": 228,
                    "wrong": 110,
                    "timePerCicle": 54.6
                },
                "today": {
                    "day": 14,
                    "total": 381,
                    "rigth": 254,
                    "wrong": 127,
                    "timePerCicle": 49.81,
                    "timesPerCicles": [
                        0,
                        0,
                        0,
                        0
                    ]
                }
            }
        },
        "productionPartList": [
            {
                "name": "Estribo Menor",
                "partNumber": 0,
                "production": {
                    "total": {
                        "total": 1002,
                        "rigth": 398,
                        "wrong": 514,
                        "timePerCicleMax": 86.3,
                        "timePerCicleMin": 39.5
                    },
                    "dailyAvarege": {
                        "total": 98.0,
                        "rigth": 38.86,
                        "wrong": 50.43,
                        "times": 57.79,
                        "week_total": [
                            84,
                            172,
                            112,
                            191,
                            87,
                            38,
                            2
                        ],
                        "week_rigth": [
                            41,
                            71,
                            15,
                            68,
                            48,
                            28,
                            1
                        ],
                        "week_wrong": [
                            35,
                            76,
                            81,
                            116,
                            34,
                            10,
                            1
                        ],
                        "week_times": [
                            56.3,
                            63.2,
                            58.0,
                            58.6,
                            57.8,
                            57.8,
                            52.8
                        ]
                    },
                    "yesterday": {
                        "day": 28,
                        "total": 2,
                        "rigth": 1,
                        "wrong": 1,
                        "timePerCicle": 52.8,
                        "timesPerCicles": [
                            52.8
                        ]
                    },
                    "today": {
                        "day": 30,
                        "total": 11,
                        "rigth": 6,
                        "wrong": 0,
                        "timePerCicle": 43.52,
                        "timesPerCicles": [
                            45.7,
                            39.5,
                            42.4,
                            42.3,
                            42.5,
                            48.7
                        ]
                    }
                },
                "mistakes": {
                    "F0": {},
                    "F1": {},
                    "F2": {},
                    "F3": {},
                    "F4": {},
                    "F5": {}
                }
            },
            {
                "name": "Estribo Maior",
                "partNumber": 1,
                "production": {
                    "total": {
                        "total": 1321,
                        "rigth": 862,
                        "wrong": 425,
                        "timePerCicleMax": 69.6,
                        "timePerCicleMin": 38.4
                    },
                    "dailyAvarege": {
                        "total": 156.29,
                        "rigth": 98.43,
                        "wrong": 53.57,
                        "times": 37.21,
                        "week_total": [
                            1,
                            13,
                            1,
                            279,
                            300,
                            385,
                            115
                        ],
                        "week_rigth": [
                            0,
                            5,
                            1,
                            169,
                            187,
                            244,
                            83
                        ],
                        "week_wrong": [
                            1,
                            7,
                            0,
                            106,
                            100,
                            129,
                            32
                        ],
                        "week_times": [
                            0,
                            55.8,
                            0,
                            60.4,
                            51.4,
                            46.85,
                            46.02
                        ]
                    },
                    "yesterday": {
                        "day": 29,
                        "total": 115,
                        "rigth": 83,
                        "wrong": 32,
                        "timePerCicle": 46.02,