{
    "production": {
        "total": {
            "total": 579,
            "rigth": 106,
            "wrong": 462,
            "timePerCicleMax": 133.35169911900084,
            "timePerCicleMin": 106.08137047999998
        },
        "dailyAvarege": {
            "total": 78.5,
            "rigth": 15.666666666666666,
            "wrong": 62.833333333333336,
            "times": 76.40588670792947,
            "week_total": [
                0,
                1,
                40,
                115,
                121,
                194
            ],
            "week_rigth": [
                0,
                0,
                2,
                39,
                29,
                24
            ],
            "week_wrong": [
                0,
                1,
                38,
                76,
                92,
                170
            ],
            "week_times": [
                0.7485459196480114,
                0,
                115.87580769000033,
                112.75090247397438,
                112.82542041762072,
                116.2346437463334
            ]
        },
        "yesterday": {
            "day": 12,
            "total": 194,
            "rigth": 24,
            "wrong": 170,
            "timePerCicle": 116.2346437463334,
            "timesPerCicles": [
                120.99904100200013,
                124.47041522199993,
                123.73952133400007,
                115.46859546799999,
                118.59531965099995,
                112.24458076699989,
                117.97986013300033,
                112.2595125630005,
                117.42680222600029,
                115.22942735699962,
                118.60365431799983,
                123.31280400100002,
                126.50905022099994,
                123.43347235200008,
                119.55548811400013,
                108.89276636100021,
                128.3763087540001,
                108.82532322999941,
                109.10771275100069,
                107.30426779399932,
                112.27778613800001,
                107.87419506600054,
                109.86889947499913,
                107.27664561400161
            ]
        },
        "today": {
            "day": 13,
            "total": 108,
            "rigth": 12,
            "wrong": 85,
            "timePerCicle": 124.15590716500014,
            "timesPerCicles": [
                125.15263867800059,
                117.76616801399996,
                127.81091014200001,
                125.50280585000019,
                117.24057200000016,
                120.82519362899984,
                129.08105557100043,
                120.80818606799949,
                125.24088122800003,
                120.73427419699965,
                126.35650148400055,
                133.35169911900084
            ]
        }
    }
}